{
  "crimson_armors": [
    "Aurora",
    "Crimson",
    "Terror",
    "Fervor",
    "Hollow"
  ],
  "crimson_tiers": {
    "Hot": 10,
    "Burning": 20,
    "Fiery": 30,
    "Infernal": 40
  },
  "lava_fishing_rods": [
    "STARTER_LAVA_ROD",
    "INFERNO_ROD",
    "MAGMA_ROD",
    "HELLFIRE_ROD",
    "POLISHED_TOPAZ_ROD"
  ],
  "water_fishing_rods": [
    "FISHING_ROD",
    "PRISMARINE_ROD",
    "ICE_ROD",
    "SPONGE_ROD",
    "SPEEDSTER_ROD",
    "FARMER_ROD",
    "WINTER_ROD",
    "CHALLENGE_ROD",
    "CHAMP_ROD",
    "LEGEND_ROD",
    "ROD_OF_THE_SEA",
    "YETI_ROD",
    "AUGER_ROD",
    "CHUM_ROD",
    "GIANT_FISHING_ROD",
    "THE_SHREDDER",
    "PHANTOM_ROD"
  ],
  "dungeon_secret_items": [
    "DEFUSE_KIT",
    "DUNGEON_CHEST_KEY",
    "DUNGEON_DECOY",
    "DUNGEON_TRAP",
    "INFLATABLE_JERRY",
    "POTION_HEALING;8",
    "SPIRIT_LEAP",
    "TRAINING_WEIGHTS",
    "TREASURE_TALISMAN"
  ],
  "enchant_multiplier": {
    "infinite_quiver": 0.03
  },
  "book_bundle_amount": {
    "vicious": 5,
    "big_brain": 5,
    "reflection": 3,
    "quantum": 1,
    "ultimate_the_one": 1,
    "rainbow": 1
  }
}
